Price,Close,Close,High,High,Low,Low,Open,Open,Volume,Volume
Ticker,GME,INTC,GME,INTC,GME,INTC,GME,INTC,GME,INTC
Date,,,,,,,,,,
2024-06-11,30.489999771118164,30.7250919342041,30.920000076293945,30.834399141756844,22.790000915527344,30.337550955172254,24.399999618530273,30.57603785729381,146914700,25326900
2024-06-12,25.459999084472656,30.56610107421875,33.70000076293945,31.281561790135704,24.829999923706055,30.198432577294135,29.170000076293945,31.26168740752887,147986700,51323900
2024-06-13,29.1200008392334,30.26799201965332,29.579999923706055,30.387236423902817,25.559999465942383,29.950009468755333,26.559999465942383,30.18849638192882,107306600,33787200
2024-06-14,28.700000762939453,30.258056640625,30.65999984741211,30.36736195761891,27.40999984741211,30.01956783277801,29.229999542236328,30.099065365610674,82874400,28125900
2024-06-17,25.219999313354492,30.784713745117188,29.18000030517578,30.804588127819695,23.790000915527344,29.989757390271375,28.549999237060547,30.14874866124054,90351900,36235300
2024-06-18,24.700000762939453,30.436920166015625,25.969999313354492,31.27162530099019,23.610000610351562,30.307740466821567,24.579999923706055,30.79465147966915,38079200,33294700
2024-06-20,25.59000015258789,30.426984786987305,25.93000030517578,30.913895798509436,23.649999618530273,30.258056322146935,24.25,30.367361637990363,36029300,43826300
2024-06-21,23.93000030517578,30.894020080566406,25.809999465942383,31.162318553482905,23.510000228881836,30.476667532249213,25.239999771118164,30.65553318086021,28004000,92549000
2024-06-24,23.649999618530273,30.37729835510254,24.829999923706055,31.221940666114026,23.239999771118164,30.337551485050767,23.260000228881836,30.943704994449813,22162900,40611800
2024-06-25,24.93000030517578,30.546226501464844,24.969999313354492,30.635659327313434,22.549999237060547,30.099064267547327,23.600000381469727,30.506479631824043,27625600,29498600
2024-06-26,24.200000762939453,30.347488403320312,25.3799991607666,30.48660529023788,24.040000915527344,30.079189925414628,24.600000381469727,30.446856525218326,17903000,30743000
2024-06-27,25.09000015258789,30.397172927856445,26.690000534057617,30.466731372376067,24.059999465942383,30.099064766965085,24.100000381469727,30.228244464597882,34867000,30184300
2024-06-28,24.690000534057617,30.774776458740234,26.170000076293945,31.11263338233784,24.309999465942383,30.526352361702315,25.020000457763672,30.556163935664028,20212000,41467700
2024-07-01,23.329999923706055,30.645597457885742,23.780000686645508,30.824463115065406,22.309999465942383,30.417047738300834,23.350000381469727,30.71515590338328,30689000,32401800
2024-07-02,23.979999542236328,30.874147415161133,24.31999969482422,31.112634328128223,23.100000381469727,30.39717358922695,23.239999771118164,30.66547207706199,13703500,35999300
2024-07-03,24.3700008392334,31.033138275146484,24.889999389648438,31.14244548620724,23.649999618530273,30.71515572877935,24.030000686645508,30.923832959411207,11829500,24065700
2024-07-05,24.18000030517578,31.818159103393555,25.079999923706055,32.13614164734713,23.81999969482422,31.112633675586775,24.18000030517578,31.2020665029894,11782100,45309400
2024-07-08,24.450000762939453,33.77574157714844,25.139999389648438,33.87510969875,23.850000381469727,32.613114843025684,24.1200008392334,32.82179017277948,11815500,82315900
2024-07-09,24.600000381469727,34.3719596862793,25.18000030517578,34.99798949894323,24.0,33.507444853034585,24.600000381469727,34.79924945469186,9419800,97546900
2024-07-10,24.969999313354492,34.65019226074219,26.450000762939453,34.7495641747144,24.899999618530273,33.91485905060243,25.0,34.22290250728898,22325400,52256200
2024-07-11,25.56999969482422,33.2888298034668,26.020000457763672,34.928430399599435,25.020000457763672,33.10002884981283,25.440000534057617,34.809184100885474,13032700,55213700
2024-07-12,26.049999237060547,34.27259063720703,26.889999389648438,35.25634795426933,25.420000076293945,33.55712801341558,25.760000228881836,33.55712801341558,16238900,62792600
2024-07-15,27.0,34.242774963378906,27.200000762939453,35.00792159998404,25.649999618530273,34.093722786783545,25.979999542236328,34.48126375284248,17136400,39847900
2024-07-16,28.540000915527344,34.12353515625,28.829999923706055,34.232842368767805,27.3700008392334,33.626686947097056,27.75,34.143409539494236,25594500,28409900
2024-07-17,27.979999542236328,34.242774963378906,29.790000915527344,36.925755839253235,27.239999771118164,34.18315560900105,28.399999618530273,35.85256576329393,23775000,112304200
2024-07-18,25.8799991607666,34.65019226074219,28.3799991607666,36.07117841001198,25.610000610351562,34.31233533453851,27.979999542236328,34.73962508799172,16969700,84188600
2024-07-19,24.969999313354492,32.7721061706543,26.389999389648438,34.362022653681926,24.850000381469727,32.64292457982029,25.549999237060547,34.35208356711346,12763300,69628700
2024-07-22,25.219999313354492,33.15964889526367,25.979999542236328,33.19939766232487,24.3799991607666,32.55349346485917,24.84000015258789,33.07021606470152,14090400,48503700
2024-07-23,25.5,32.7422981262207,25.68000030517578,33.020531913608885,24.889999389648438,32.623055616004486,25.219999313354492,32.75223342263411,7921700,29466400
2024-07-24,24.010000228881836,31.50017547607422,25.450000762939453,32.59323995949019,23.93000030517578,31.460426711784343,25.149999618530273,32.32494148650973,9549200,62216700
2024-07-25,23.950000762939453,30.90395736694336,24.59000015258789,31.78834652633028,23.360000610351562,30.754903291082982,23.59000015258789,31.17225584068728,8567700,49774000
2024-07-26,24.1299991607666,31.152381896972656,24.770000457763672,31.361057227049322,24.110000610351562,30.824462167334016,24.280000686645508,31.23187753157216,6833900,38352500
2024-07-29,23.600000381469727,30.63566017150879,24.3799991607666,31.27162526588968,23.540000915527344,30.595913300772725,24.229999542236328,31.221941203638227,7250200,32342200
2024-07-30,22.399999618530273,29.94007110595703,23.889999389648438,30.715154964946016,22.34000015258789,29.820828601697457,23.600000381469727,30.655533712816226,9272400,48256600
2024-07-31,22.670000076293945,30.546226501464844,23.450000762939453,30.675408092279664,22.610000610351562,30.08912707630577,22.860000610351562,30.34748836260998,8005800,56110600
2024-08-01,21.709999084472656,28.866878509521484,23.09000015258789,30.516414316046976,21.559999465942383,28.70788724349436,22.920000076293945,30.238180548162198,9334400,107672500
2024-08-02,21.06999969482422,21.3445987701416,21.610000610351562,21.8414469830145,20.43000030517578,20.291281089542203,20.950000762939453,21.801700111553938,9030000,300895900
2024-08-05,20.649999618530273,19.983234405517578,20.799999237060547,20.26146817330116,18.729999542236328,19.168403693593557,18.829999923706055,20.072667229540986,12205900,147385700
2024-08-06,21.280000686645508,19.704999923706055,21.579999923706055,20.4999563012095,20.260000228881836,19.62550428595571,21.020000457763672,20.191910941842604,6505300,106670400
2024-08-07,20.829999923706055,18.989999771118164,21.459999084472656,20.25,20.3799991607666,18.950000762939453,21.149999618530273,19.920000076293945,6101100,97972300
2024-08-08,21.75,20.489999771118164,21.8799991607666,20.549999237060547,20.809999465942383,18.84000015258789,21.010000228881836,19.100000381469727,5439700,96836800
2024-08-09,21.93000030517578,19.709999084472656,22.170000076293945,20.149999618530273,21.459999084472656,19.5,21.510000228881836,20.079999923706055,4828900,76394500
2024-08-12,21.8799991607666,19.360000610351562,22.270000457763672,19.969999313354492,21.450000762939453,19.0,21.979999542236328,19.8700008392334,4449100,54677600
2024-08-13,22.270000457763672,20.469999313354492,22.3799991607666,20.479999542236328,21.860000610351562,19.469999313354492,21.959999084472656,19.479999542236328,3913700,77511300
2024-08-14,21.989999771118164,19.920000076293945,22.729999542236328,20.5,21.790000915527344,19.790000915527344,22.34000015258789,20.489999771118164,3489400,56758200
2024-08-15,22.530000686645508,20.690000534057617,22.84000015258789,21.059999465942383,21.969999313354492,20.229999542236328,22.25,20.31999969482422,5361400,84814900
2024-08-16,22.399999618530273,20.8700008392334,22.690000534057617,20.899999618530273,22.239999771118164,20.40999984741211,22.3700008392334,20.530000686645508,3641800,48582700
2024-08-19,22.65999984741211,21.520000457763672,23.100000381469727,21.860000610351562,22.31999969482422,20.84000015258789,22.350000381469727,20.889999389648438,4543500,65956300
2024-08-20,22.280000686645508,20.989999771118164,22.520000457763672,21.229999542236328,21.959999084472656,20.81999969482422,22.5,21.209999084472656,3570300,84161300
2024-08-21,22.549999237060547,21.40999984741211,22.649999618530273,21.440000534057617,22.15999984741211,21.06999969482422,22.170000076293945,21.06999969482422,3163200,57028900
2024-08-22,22.1200008392334,20.100000381469727,22.760000228881836,21.399999618530273,22.09000015258789,20.040000915527344,22.5,21.389999389648438,3382500,81444700
2024-08-23,22.209999084472656,20.540000915527344,22.6200008392334,20.93000030517578,22.18000030517578,20.260000228881836,22.25,20.31999969482422,4056700,73398400
2024-08-26,21.360000610351562,20.1299991607666,22.389999389648438,20.559999465942383,21.299999237060547,19.950000762939453,22.25,20.530000686645508,4780500,58534800
2024-08-27,20.739999771118164,20.06999969482422,21.290000915527344,20.260000228881836,20.65999984741211,19.84000015258789,21.059999465942383,20.1299991607666,4118800,43862000
2024-08-28,19.899999618530273,19.610000610351562,21.06999969482422,20.110000610351562,19.8799991607666,19.510000228881836,20.709999084472656,19.979999542236328,5219500,50144900
2024-08-29,21.510000228881836,20.1299991607666,22.450000762939453,20.600000381469727,20.469999313354492,19.75,20.5,19.760000228881836,10428400,64529700
2024-08-30,23.420000076293945,22.040000915527344,23.479999542236328,22.1200008392334,21.729999542236328,21.0,21.81999969482422,21.25,15680700,177785400
2024-09-03,23.139999389648438,20.100000381469727,24.690000534057617,21.690000534057617,22.81999969482422,19.989999771118164,24.149999618530273,21.540000915527344,11350500,115305500
2024-09-04,22.1200008392334,19.43000030517578,23.709999084472656,20.049999237060547,22.110000610351562,19.280000686645508,22.850000381469727,19.760000228881836,6700900,85871900
2024-09-05,22.389999389648438,19.399999618530273,22.68000030517578,19.899999618530273,21.65999984741211,19.239999771118164,22.0,19.280000686645508,5101200,65388800
2024-09-06,23.920000076293945,18.889999389648438,24.479999542236328,19.489999771118164,21.799999237060547,18.639999389648438,22.399999618530273,19.440000534057617,23884000,92686500
2024-09-09,24.25,19.06999969482422,25.020000457763672,19.540000915527344,23.15999984741211,18.950000762939453,23.239999771118164,19.0,14064700,64244100
2024-09-10,23.450000762939453,18.979999542236328,24.799999237060547,19.110000610351562,23.1299991607666,18.510000228881836,24.770000457763672,19.030000686645508,19175500,55621300
2024-09-11,20.639999389648438,19.639999389648438,21.09000015258789,19.690000534057617,19.309999465942383,18.520000457763672,20.81999969482422,19.010000228881836,28921500,71403100
2024-09-12,20.399999618530273,19.360000610351562,20.709999084472656,19.540000915527344,19.989999771118164,19.040000915527344,20.469999313354492,19.43000030517578,9567500,51602900
2024-09-13,20.649999618530273,19.65999984741211,20.920000076293945,19.799999237060547,20.34000015258789,19.489999771118164,20.489999771118164,19.489999771118164,8053700,44236300
2024-09-16,20.09000015258789,20.90999984741211,20.520000457763672,21.06999969482422,19.920000076293945,19.760000228881836,20.450000762939453,20.030000686645508,5981200,149337000
2024-09-17,20.15999984741211,21.469999313354492,20.559999465942383,22.579999923706055,19.920000076293945,21.239999771118164,20.239999771118164,21.709999084472656,6307600,196249800
2024-09-18,19.649999618530273,20.770000457763672,20.260000228881836,21.739999771118164,19.420000076293945,20.719999313354492,20.049999237060547,21.360000610351562,10728200,118727900
2024-09-19,19.510000228881836,21.139999389648438,20.030000686645508,21.690000534057617,19.469999313354492,21.030000686645508,19.889999389648438,21.280000686645508,8902600,99829200
2024-09-20,21.850000381469727,21.84000015258789,22.030000686645508,23.139999389648438,19.479999542236328,20.350000381469727,19.6299991607666,20.889999389648438,61919200,260377900
2024-09-23,22.309999465942383,22.559999465942383,22.559999465942383,22.81999969482422,21.229999542236328,22.030000686645508,21.540000915527344,22.43000030517578,13969500,184439100
2024-09-24,22.6299991607666,22.809999465942383,22.719999313354492,23.110000610351562,21.540000915527344,22.290000915527344,22.610000610351562,22.530000686645508,12121400,113082500
2024-09-25,22.18000030517578,23.540000915527344,22.829999923706055,24.059999465942383,22.06999969482422,22.729999542236328,22.15999984741211,22.799999237060547,6139700,117013400
2024-09-26,22.290000915527344,23.920000076293945,22.639999389648438,24.420000076293945,21.8700008392334,23.25,22.399999618530273,24.280000686645508,5777500,95416900
2024-09-27,22.479999542236328,23.90999984741211,23.100000381469727,24.65999984741211,21.969999313354492,23.700000762939453,22.389999389648438,24.15999984741211,7416500,85883300
2024-09-30,22.93000030517578,23.459999084472656,23.639999389648438,23.950000762939453,22.170000076293945,23.09000015258789,22.299999237060547,23.739999771118164,10161700,66308200
2024-10-01,21.969999313354492,22.690000534057617,23.1200008392334,23.719999313354492,21.809999465942383,22.260000228881836,22.950000762939453,23.459999084472656,7189200,86344400
2024-10-02,21.489999771118164,22.389999389648438,22.299999237060547,23.06999969482422,21.40999984741211,22.350000381469727,21.860000610351562,22.670000076293945,5673100,59033900
2024-10-03,21.200000762939453,22.260000228881836,21.790000915527344,22.729999542236328,21.110000610351562,21.649999618530273,21.360000610351562,22.139999389648438,4665800,49565900
2024-10-04,21.399999618530273,22.59000015258789,21.969999313354492,22.90999984741211,21.290000915527344,22.299999237060547,21.479999542236328,22.700000762939453,5286200,49845500
2024-10-07,20.899999618530273,22.3799991607666,21.530000686645508,22.649999618530273,20.809999465942383,22.020000457763672,21.350000381469727,22.399999618530273,5988000,54928700
2024-10-08,20.709999084472656,23.31999969482422,21.270000457763672,23.420000076293945,20.530000686645508,22.049999237060547,20.899999618530273,22.25,4840500,58650500
2024-10-09,20.5,23.459999084472656,20.739999771118164,23.479999542236328,20.299999237060547,23.059999465942383,20.5,23.25,3914000,44759000
2024-10-10,20.90999984741211,23.219999313354492,21.049999237060547,23.530000686645508,20.3799991607666,22.959999084472656,20.469999313354492,23.190000534057617,4180800,44874600
2024-10-11,20.829999923706055,23.559999465942383,21.219999313354492,23.81999969482422,20.65999984741211,22.979999542236328,20.65999984741211,23.049999237060547,3931600,43585300
2024-10-14,21.329999923706055,23.440000534057617,21.670000076293945,23.770000457763672,20.459999084472656,23.270000457763672,20.75,23.579999923706055,6636600,35403600
2024-10-15,21.270000457763672,22.65999984741211,21.68000030517578,23.719999313354492,20.979999542236328,22.469999313354492,21.450000762939453,23.40999984741211,4851900,68900600
2024-10-16,21.65999984741211,22.309999465942383,21.75,22.540000915527344,21.030000686645508,21.739999771118164,21.1299991607666,22.3799991607666,4264600,62151800
2024-10-17,21.40999984741211,22.440000534057617,21.65999984741211,22.81999969482422,21.229999542236328,22.399999618530273,21.5,22.719999313354492,3015300,43807600
2024-10-18,21.219999313354492,22.770000457763672,21.610000610351562,22.81999969482422,20.979999542236328,22.5,21.40999984741211,22.610000610351562,5302200,39971700
2024-10-21,20.700000762939453,22.84000015258789,21.219999313354492,22.8799991607666,20.65999984741211,22.25,21.100000381469727,22.610000610351562,3956500,39727000
2024-10-22,20.93000030517578,22.399999618530273,20.940000534057617,22.81999969482422,20.43000030517578,22.170000076293945,20.6200008392334,22.729999542236328,3232300,50160400
2024-10-23,20.540000915527344,21.979999542236328,20.979999542236328,22.43000030517578,20.350000381469727,21.579999923706055,20.729999542236328,22.299999237060547,2945000,45799100
2024-10-24,20.6299991607666,22.34000015258789,20.84000015258789,22.3700008392334,20.479999542236328,21.969999313354492,20.6299991607666,22.09000015258789,2682300,40554400
2024-10-25,20.56999969482422,22.68000030517578,21.43000030517578,23.34000015258789,20.540000915527344,22.40999984741211,20.649999618530273,22.420000076293945,5989000,67503000
2024-10-28,22.729999542236328,22.920000076293945,22.770000457763672,23.270000457763672,20.729999542236328,22.559999465942383,20.84000015258789,22.670000076293945,13641200,41915000
2024-10-29,22.68000030517578,22.899999618530273,23.200000762939453,23.139999389648438,22.09000015258789,22.40999984741211,22.700000762939453,22.8700008392334,10078100,83422200
2024-10-30,23.280000686645508,22.299999237060547,24.540000915527344,22.93000030517578,22.75,22.260000228881836,23.399999618530273,22.420000076293945,12383600,50941200
2024-10-31,22.18000030517578,21.520000457763672,23.030000686645508,22.25,22.049999237060547,21.469999313354492,22.829999923706055,22.149999618530273,5594500,112485500
2024-11-01,22.40999984741211,23.200000762939453,23.049999237060547,23.579999923706055,22.079999923706055,21.90999984741211,22.399999618530273,23.0,4744500,173471100
2024-11-04,22.329999923706055,22.520000457763672,22.649999618530273,23.0,21.8799991607666,22.0,22.200000762939453,22.959999084472656,4300200,84616300
2024-11-05,22.989999771118164,23.31999969482422,23.200000762939453,23.579999923706055,22.270000457763672,22.399999618530273,22.31999969482422,22.579999923706055,5858400,59153300
2024-11-06,23.100000381469727,25.049999237060547,23.81999969482422,25.1200008392334,22.899999618530273,24.049999237060547,23.309999465942383,24.299999237060547,6648000,116760500
2024-11-07,23.450000762939453,26.229999542236328,23.65999984741211,26.3799991607666,22.809999465942383,25.190000534057617,23.06999969482422,25.43000030517578,5554400,101489300
2024-11-08,24.8799991607666,26.200000762939453,25.389999389648438,26.43000030517578,23.239999771118164,25.829999923706055,23.440000534057617,26.0,15908600,76428000
2024-11-11,27.260000228881836,25.049999237060547,28.049999237060547,26.290000915527344,24.6299991607666,24.829999923706055,25.260000228881836,25.959999084472656,26633000,80185300
2024-11-12,26.84000015258789,24.15999984741211,27.100000381469727,24.959999084472656,24.950000762939453,23.889999389648438,26.059999465942383,24.65999984741211,18972700,62539700
2024-11-13,26.459999084472656,24.920000076293945,28.219999313354492,25.139999389648438,26.219999313354492,24.020000457763672,26.260000228881836,24.059999465942383,18490300,58202000
2024-11-14,27.3700008392334,25.030000686645508,28.280000686645508,25.610000610351562,26.719999313354492,24.93000030517578,27.170000076293945,25.1200008392334,16502000,49252100
2024-11-15,26.59000015258789,24.350000381469727,28.59000015258789,24.81999969482422,26.31999969482422,24.229999542236328,28.079999923706055,24.809999465942383,16451800,55104900
2024-11-18,26.440000534057617,24.84000015258789,27.15999984741211,25.020000457763672,25.850000381469727,24.15999984741211,26.649999618530273,24.329999923706055,8541600,59667300
2024-11-19,27.56999969482422,24.200000762939453,27.600000381469727,24.540000915527344,25.709999084472656,24.100000381469727,25.889999389648438,24.5,8698600,61190900
2024-11-20,28.450000762939453,24.010000228881836,29.799999237060547,24.209999084472656,27.260000228881836,23.549999237060547,27.260000228881836,24.06999969482422,22089700,50191500
2024-11-21,27.81999969482422,24.440000534057617,29.170000076293945,24.770000457763672,27.18000030517578,23.829999923706055,29.09000015258789,24.079999923706055,10587200,58928400
2024-11-22,27.899999618530273,24.5,28.459999084472656,24.68000030517578,27.420000076293945,24.139999389648438,27.8799991607666,24.350000381469727,7975700,36784700
2024-11-25,29.670000076293945,24.8700008392334,29.770000457763672,25.56999969482422,27.959999084472656,24.760000228881836,28.049999237060547,25.040000915527344,13090400,91128400
2024-11-26,30.329999923706055,24.049999237060547,32.119998931884766,24.989999771118164,28.780000686645508,23.809999465942383,29.399999618530273,24.950000762939453,24657300,69613600
2024-11-27,30.889999389648438,23.649999618530273,31.549999237060547,23.93000030517578,30.510000228881836,23.059999465942383,30.799999237060547,23.829999923706055,12895100,53992300
2024-11-29,29.049999237060547,24.049999237060547,31.079999923706055,24.280000686645508,28.850000381469727,23.600000381469727,31.010000228881836,23.719999313354492,10473700,36616800
2024-12-02,27.270000457763672,23.93000030517578,29.3700008392334,25.479999542236328,26.75,23.440000534057617,28.959999084472656,24.84000015258789,13576600,150497900
2024-12-03,27.440000534057617,22.469999313354492,27.59000015258789,23.75,26.489999771118164,22.440000534057617,26.549999237060547,23.68000030517578,6009900,138160500
2024-12-04,27.030000686645508,21.959999084472656,27.829999923706055,22.540000915527344,26.6299991607666,21.809999465942383,27.06999969482422,22.530000686645508,6387500,104649000
2024-12-05,28.6299991607666,20.799999237060547,30.8700008392334,22.190000534057617,26.149999618530273,20.65999984741211,27.0,22.040000915527344,40704900,167993500
2024-12-06,29.059999465942383,20.920000076293945,29.350000381469727,21.049999237060547,28.110000610351562,20.65999984741211,29.1200008392334,20.950000762939453,15161400,78539100
2024-12-09,27.93000030517578,20.809999465942383,29.860000610351562,21.059999465942383,27.739999771118164,20.729999542236328,29.0,20.920000076293945,11495400,68818200
2024-12-10,26.93000030517578,20.15999984741211,28.389999389648438,20.860000610351562,26.850000381469727,19.959999084472656,27.8799991607666,20.829999923706055,18209400,90004800
2024-12-11,28.969999313354492,20.1200008392334,30.15999984741211,20.25,27.510000228881836,19.8700008392334,27.75,20.139999389648438,20485000,75209300
2024-12-12,28.75,20.780000686645508,29.65999984741211,20.899999618530273,28.579999923706055,19.920000076293945,28.899999618530273,20.020000457763672,8855700,77695000
2024-12-13,27.989999771118164,20.34000015258789,28.860000610351562,20.799999237060547,27.920000076293945,20.25,28.700000762939453,20.600000381469727,6581600,55104100
2024-12-16,29.440000534057617,20.829999923706055,29.59000015258789,21.100000381469727,27.270000457763672,20.0,27.700000762939453,20.170000076293945,8700000,73832900
2024-12-17,31.260000228881836,20.440000534057617,31.8799991607666,20.770000457763672,29.639999389648438,20.290000915527344,29.639999389648438,20.639999389648438,19948100,51767200
2024-12-18,28.549999237060547,19.299999237060547,31.700000762939453,20.579999923706055,28.34000015258789,19.209999084472656,31.100000381469727,20.479999542236328,13947300,86041200
2024-12-19,29.0,19.059999465942383,30.600000381469727,19.690000534057617,28.81999969482422,19.030000686645508,29.15999984741211,19.530000686645508,10338200,69117800
2024-12-20,29.81999969482422,19.520000457763672,30.520000457763672,19.760000228881836,28.309999465942383,18.899999618530273,28.540000915527344,18.969999313354492,19606700,108453700
2024-12-23,30.899999618530273,20.200000762939453,31.110000610351562,20.229999542236328,29.780000686645508,19.520000457763672,29.81999969482422,19.579999923706055,8226500,57988400
2024-12-24,31.139999389648438,20.399999618530273,31.59000015258789,20.399999618530273,30.579999923706055,19.959999084472656,31.0,20.219999313354492,5523500,29884000
2024-12-26,32.9900016784668,20.440000534057617,34.369998931884766,20.670000076293945,31.600000381469727,20.079999923706055,32.619998931884766,20.229999542236328,20432900,39846200
2024-12-27,32.20000076293945,20.299999237060547,33.04999923706055,20.610000610351562,30.729999542236328,20.09000015258789,32.38999938964844,20.209999084472656,10141700,48260800
2024-12-30,32.0099983215332,19.81999969482422,32.880001068115234,20.110000610351562,31.610000610351562,19.729999542236328,31.799999237060547,20.010000228881836,9593100,59608100
2024-12-31,31.34000015258789,20.049999237060547,32.439998626708984,20.399999618530273,31.100000381469727,19.8799991607666,32.060001373291016,19.989999771118164,7395300,49846700
2025-01-02,30.65999984741211,20.219999313354492,32.04999923706055,20.43000030517578,30.3700008392334,20.0,31.84000015258789,20.229999542236328,7979700,46438500
2025-01-03,31.649999618530273,20.559999465942383,32.13999938964844,20.670000076293945,30.56999969482422,20.059999465942383,30.799999237060547,20.389999389648438,7461800,48983900
2025-01-06,32.81999969482422,19.8700008392334,33.4900016784668,20.979999542236328,30.760000228881836,19.780000686645508,31.700000762939453,20.829999923706055,12609400,83271000
2025-01-07,33.369998931884766,20.010000228881836,34.400001525878906,20.34000015258789,31.709999084472656,19.899999618530273,32.79999923706055,20.020000457763672,13360700,61726100
2025-01-08,32.959999084472656,19.8799991607666,33.369998931884766,20.1200008392334,32.40999984741211,19.709999084472656,32.970001220703125,19.829999923706055,6320000,47897100
2025-01-10,32.310001373291016,19.149999618530273,32.939998626708984,19.65999984741211,31.399999618530273,18.90999984741211,32.5,19.65999984741211,7068200,71244600
2025-01-13,31.020000457763672,19.200000762939453,31.799999237060547,19.25,30.899999618530273,18.729999542236328,31.600000381469727,18.920000076293945,5567000,50669000
2025-01-14,27.8799991607666,19.200000762939453,31.68000030517578,19.520000457763672,27.559999465942383,18.81999969482422,31.260000228881836,19.360000610351562,11796600,47147500
2025-01-15,27.959999084472656,19.719999313354492,29.329999923706055,19.770000457763672,27.84000015258789,19.170000076293945,28.899999618530273,19.399999618530273,6025400,56306000
2025-01-16,27.719999313354492,19.670000076293945,28.139999389648438,19.950000762939453,27.40999984741211,19.399999618530273,27.940000534057617,19.75,4432000,44898100
2025-01-17,27.510000228881836,21.489999771118164,28.790000915527344,21.6200008392334,27.020000457763672,20.790000915527344,27.610000610351562,21.260000228881836,8977500,166483900
2025-01-21,27.469999313354492,21.770000457763672,27.56999969482422,22.40999984741211,26.329999923706055,21.75,27.399999618530273,22.030000686645508,5867800,96262200
2025-01-22,27.649999618530273,21.860000610351562,28.020000457763672,22.290000915527344,27.299999237060547,21.56999969482422,27.360000610351562,21.729999542236328,5025400,60972600
2025-01-23,28.329999923706055,21.56999969482422,29.260000228881836,21.75,27.68000030517578,21.350000381469727,27.8799991607666,21.690000534057617,8828200,55778200
2025-01-24,27.770000457763672,20.829999923706055,28.670000076293945,21.40999984741211,27.6200008392334,20.75,28.299999237060547,21.360000610351562,4511600,66300600
2025-01-27,26.969999313354492,20.290000915527344,27.68000030517578,21.059999465942383,26.799999237060547,20.139999389648438,26.920000076293945,20.809999465942383,5060300,83582100
2025-01-28,27.459999084472656,19.799999237060547,27.59000015258789,20.34000015258789,26.649999618530273,19.739999771118164,27.0,20.34000015258789,3169900,73411400
2025-01-29,27.510000228881836,19.75,27.739999771118164,20.079999923706055,27.059999465942383,19.65999984741211,27.40999984741211,19.8700008392334,3220400,86506800
2025-01-30,27.989999771118164,20.010000228881836,28.229999542236328,20.100000381469727,27.709999084472656,19.43000030517578,27.84000015258789,19.719999313354492,3343900,108167000
2025-01-31,26.899999618530273,19.43000030517578,28.18000030517578,20.329999923706055,26.899999618530273,19.3799991607666,27.790000915527344,20.100000381469727,4544000,117474900
2025-02-03,25.889999389648438,19.3799991607666,26.540000915527344,19.75,25.5,18.780000686645508,25.56999969482422,18.969999313354492,5740500,77523100
2025-02-04,25.899999618530273,19.290000915527344,26.25,19.530000686645508,25.799999237060547,19.020000457763672,25.850000381469727,19.100000381469727,3353700,54098200
2025-02-05,24.93000030517578,19.649999618530273,25.809999465942383,19.770000457763672,24.899999618530273,18.90999984741211,25.700000762939453,19.190000534057617,4580200,66059200
2025-02-06,24.799999237060547,19.3799991607666,25.389999389648438,19.700000762939453,24.530000686645508,19.219999313354492,24.93000030517578,19.510000228881836,4349500,45553800
2025-02-07,24.729999542236328,19.100000381469727,25.020000457763672,19.360000610351562,24.600000381469727,19.030000686645508,24.899999618530273,19.350000381469727,3403300,58277900
2025-02-10,27.1200008392334,19.770000457763672,27.270000457763672,20.079999923706055,25.299999237060547,19.239999771118164,25.5,19.25,9694700,73007300
2025-02-11,26.559999465942383,20.969999313354492,27.760000228881836,21.8799991607666,26.469999313354492,19.860000610351562,26.850000381469727,19.8700008392334,7042700,150960700
2025-02-12,25.989999771118164,22.479999542236328,26.399999618530273,22.559999465942383,25.600000381469727,20.93000030517578,26.1200008392334,21.979999542236328,3999200,162631200
2025-02-13,26.34000015258789,24.1299991607666,26.399999618530273,24.829999923706055,25.75,22.790000915527344,25.75,22.84000015258789,8255300,248661300
2025-02-14,27.0,23.600000381469727,28.969999313354492,25.190000534057617,26.899999618530273,22.860000610351562,28.899999618530273,24.360000610351562,12142600,230254100
2025-02-18,26.969999313354492,27.389999389648438,27.59000015258789,27.549999237060547,26.65999984741211,24.489999771118164,27.030000686645508,24.600000381469727,5337800,284292200
2025-02-19,26.0,25.719999313354492,26.959999084472656,26.329999923706055,25.920000076293945,25.459999084472656,26.799999237060547,25.979999542236328,4382100,151881700
2025-02-20,27.040000915527344,26.09000015258789,27.450000762939453,26.1200008392334,25.760000228881836,24.479999542236328,25.799999237060547,25.559999465942383,7735200,144939600
2025-02-21,26.420000076293945,24.8700008392334,27.579999923706055,26.290000915527344,26.15999984741211,24.84000015258789,27.25,25.959999084472656,6130900,111630900
2025-02-24,25.0,24.270000457763672,26.389999389648438,24.799999237060547,24.950000762939453,23.6200008392334,26.34000015258789,24.549999237060547,5980000,91358100
2025-02-25,24.420000076293945,22.989999771118164,25.290000915527344,24.280000686645508,23.829999923706055,22.770000457763672,24.93000030517578,24.209999084472656,6551500,88886500
2025-02-26,24.610000610351562,23.520000457763672,25.209999084472656,23.81999969482422,24.450000762939453,23.209999084472656,24.540000915527344,23.25,3272500,67449300
2025-02-27,24.479999542236328,23.09000015258789,25.3700008392334,24.399999618530273,24.139999389648438,23.06999969482422,25.0,23.700000762939453,4590000,97871900
2025-02-28,25.040000915527344,23.729999542236328,25.100000381469727,24.440000534057617,24.200000762939453,22.639999389648438,24.329999923706055,23.020000457763672,4137100,104133800
2025-03-03,24.399999618530273,22.739999771118164,25.479999542236328,25.040000915527344,24.18000030517578,22.520000457763672,25.260000228881836,25.0,4291000,141348700
2025-03-04,24.299999237060547,21.329999923706055,24.860000610351562,22.6299991607666,23.440000534057617,20.760000228881836,23.770000457763672,22.540000915527344,5068700,152182200
2025-03-05,25.06999969482422,20.809999465942383,25.15999984741211,21.360000610351562,24.110000610351562,20.18000030517578,24.329999923706055,21.329999923706055,3282500,127219300
2025-03-06,24.200000762939453,20.75,25.010000228881836,21.1299991607666,24.049999237060547,20.0,24.739999771118164,20.260000228881836,3421400,96466400
2025-03-07,24.0,20.639999389648438,24.350000381469727,21.200000762939453,23.520000457763672,20.110000610351562,24.0,20.270000457763672,3464000,81099600
2025-03-10,22.420000076293945,19.93000030517578,23.579999923706055,20.510000228881836,22.260000228881836,19.649999618530273,23.440000534057617,20.239999771118164,6226900,82760600
2025-03-11,22.610000610351562,19.780000686645508,22.979999542236328,20.059999465942383,22.079999923706055,19.290000915527344,22.350000381469727,19.969999313354492,4226900,80789000
2025-03-12,21.989999771118164,20.68000030517578,23.239999771118164,21.170000076293945,21.889999389648438,20.209999084472656,22.950000762939453,20.790000915527344,3718200,128671100
2025-03-13,21.950000762939453,23.700000762939453,22.25,24.530000686645508,21.559999465942383,23.1299991607666,22.049999237060547,23.5,3829800,243261000
2025-03-14,23.049999237060547,24.049999237060547,23.149999618530273,24.3700008392334,22.290000915527344,23.520000457763672,22.290000915527344,23.68000030517578,3960500,116901600
2025-03-17,23.5,25.690000534057617,23.729999542236328,26.149999618530273,22.969999313354492,24.3700008392334,23.239999771118164,24.420000076293945,2899100,160723600
2025-03-18,23.299999237060547,25.920000076293945,23.6200008392334,26.40999984741211,23.139999389648438,25.389999389648438,23.290000915527344,25.549999237060547,2155800,132488800
2025-03-19,23.709999084472656,24.1200008392334,23.989999771118164,25.229999542236328,23.260000228881836,24.030000686645508,23.399999618530273,24.899999618530273,3032300,135491400
2025-03-20,23.510000228881836,23.959999084472656,24.1200008392334,24.309999465942383,23.510000228881836,23.729999542236328,23.649999618530273,23.770000457763672,1998200,68937600
2025-03-21,24.75,24.260000228881836,24.809999465942383,24.700000762939453,23.649999618530273,23.489999771118164,23.75,23.600000381469727,6893900,94110700
2025-03-24,25.610000610351562,24.219999313354492,25.829999923706055,24.989999771118164,25.149999618530273,24.1299991607666,25.350000381469727,24.719999313354492,5036000,69169000
2025-03-25,25.399999618530273,24.200000762939453,25.770000457763672,24.75,24.989999771118164,24.110000610351562,25.700000762939453,24.18000030517578,10106800,51743300
2025-03-26,28.360000610351562,23.420000076293945,29.799999237060547,24.420000076293945,27.31999969482422,23.25,28.84000015258789,24.25,52930500,59496700
2025-03-27,22.09000015258789,23.6200008392334,26.280000686645508,23.760000228881836,21.15999984741211,22.860000610351562,25.8700008392334,23.290000915527344,96733100,57720600
2025-03-28,21.729999542236328,22.709999084472656,22.790000915527344,23.579999923706055,21.700000762939453,22.559999465942383,21.889999389648438,23.350000381469727,44771700,58365300
2025-03-31,22.31999969482422,22.709999084472656,22.6299991607666,22.75,20.729999542236328,21.75,21.399999618530273,22.3799991607666,16147900,65832000
2025-04-01,22.610000610351562,22.049999237060547,23.25,22.6200008392334,21.950000762939453,21.65999984741211,22.760000228881836,22.559999465942383,14435300,64060400
2025-04-02,22.690000534057617,21.979999542236328,23.020000457763672,22.3799991607666,22.25,21.700000762939453,22.489999771118164,21.889999389648438,10965100,58878800
2025-04-03,21.100000381469727,22.43000030517578,21.780000686645508,23.899999618530273,21.079999923706055,20.860000610351562,21.600000381469727,21.399999618530273,11141900,242972100
2025-04-04,23.489999771118164,19.850000381469727,23.850000381469727,22.200000762939453,20.780000686645508,19.700000762939453,21.420000076293945,21.700000762939453,20608200,175014700
2025-04-07,24.290000915527344,19.56999969482422,25.020000457763672,20.670000076293945,22.399999618530273,18.559999465942383,22.600000381469727,19.139999389648438,17191900,142491200
2025-04-08,23.389999389648438,18.1299991607666,24.93000030517578,20.389999389648438,22.969999313354492,17.670000076293945,24.81999969482422,20.059999465942383,12062300,163982700
2025-04-09,25.399999618530273,21.530000686645508,25.459999084472656,21.729999542236328,23.030000686645508,17.979999542236328,23.030000686645508,18.06999969482422,17695900,224183500
2025-04-10,25.020000457763672,19.8799991607666,26.200000762939453,20.81999969482422,24.40999984741211,19.15999984741211,25.0,20.68000030517578,11545400,129064900
2025-04-11,26.399999618530273,19.739999771118164,26.440000534057617,19.799999237060547,25.25,18.18000030517578,25.5,19.25,10984100,128425800
2025-04-14,26.979999542236328,20.309999465942383,27.18000030517578,21.049999237060547,25.68000030517578,19.979999542236328,26.65999984741211,20.59000015258789,10628400,101964400
2025-04-15,26.700000762939453,19.850000381469727,27.3799991607666,20.469999313354492,26.6200008392334,19.809999465942383,26.8799991607666,20.200000762939453,6738100,64056900
2025-04-16,26.25,19.229999542236328,26.65999984741211,19.43000030517578,25.719999313354492,18.719999313354492,26.450000762939453,19.34000015258789,6292800,89469700
2025-04-17,26.780000686645508,18.93000030517578,27.190000534057617,19.100000381469727,26.170000076293945,18.559999465942383,26.209999084472656,18.90999984741211,7360800,85433400
2025-04-21,26.770000457763672,18.84000015258789,27.040000915527344,18.989999771118164,25.790000915527344,18.25,26.709999084472656,18.93000030517578,7690000,72409900
2025-04-22,27.799999237060547,19.510000228881836,27.940000534057617,19.739999771118164,26.8799991607666,19.040000915527344,26.989999771118164,19.059999465942383,11065900,83365600
2025-04-23,27.1200008392334,20.59000015258789,28.25,21.030000686645508,26.959999084472656,20.309999465942383,28.200000762939453,20.719999313354492,8862700,97188100
2025-04-24,27.079999923706055,21.489999771118164,27.579999923706055,21.549999237060547,26.84000015258789,20.8799991607666,27.100000381469727,21.040000915527344,6212100,117086200
2025-04-25,27.459999084472656,20.049999237060547,27.799999237060547,20.18000030517578,27.1299991607666,19.34000015258789,27.1299991607666,19.729999542236328,5853400,147711200
2025-04-28,27.59000015258789,20.510000228881836,27.59000015258789,21.079999923706055,26.979999542236328,20.049999237060547,27.399999618530273,20.1200008392334,6819300,96624400
2025-04-29,27.260000228881836,20.34000015258789,27.940000534057617,20.850000381469727,27.260000228881836,20.219999313354492,27.450000762939453,20.309999465942383,5394400,70031900
2025-04-30,27.860000610351562,20.100000381469727,27.93000030517578,20.18000030517578,26.790000915527344,19.549999237060547,26.899999618530273,19.709999084472656,6578100,68297300
2025-05-01,27.43000030517578,19.979999542236328,28.350000381469727,20.649999618530273,27.420000076293945,19.940000534057617,27.979999542236328,20.219999313354492,5693500,72607500
2025-05-02,27.479999542236328,20.6200008392334,27.920000076293945,20.780000686645508,27.149999618530273,20.209999084472656,27.700000762939453,20.260000228881836,5579900,63298500
2025-05-05,26.600000381469727,20.270000457763672,27.40999984741211,20.579999923706055,26.350000381469727,20.239999771118164,27.329999923706055,20.389999389648438,7132400,44237000
2025-05-06,26.040000915527344,19.940000534057617,26.5,20.1200008392334,25.670000076293945,19.770000457763672,26.440000534057617,19.920000076293945,5883800,51330800
2025-05-07,26.010000228881836,20.309999465942383,26.34000015258789,20.3700008392334,25.8799991607666,19.81999969482422,26.190000534057617,19.969999313354492,4364300,61002600
2025-05-08,26.780000686645508,21.0,26.989999771118164,21.239999771118164,26.18000030517578,20.639999389648438,26.299999237060547,21.010000228881836,6521700,71651700
2025-05-09,27.540000915527344,21.420000076293945,27.729999542236328,21.450000762939453,26.760000228881836,20.829999923706055,26.780000686645508,21.200000762939453,7795200,51768600
2025-05-12,28.049999237060547,22.18000030517578,28.18000030517578,22.670000076293945,27.290000915527344,21.8799991607666,28.059999465942383,22.18000030517578,7395200,94578700
2025-05-13,28.389999389648438,22.559999465942383,28.860000610351562,22.8799991607666,28.049999237060547,22.299999237060547,28.049999237060547,22.360000610351562,10365300,76850400
2025-05-14,28.729999542236328,21.520000457763672,29.389999389648438,22.459999084472656,28.299999237060547,21.459999084472656,28.479999542236328,22.350000381469727,14552300,91584800
2025-05-15,28.6299991607666,21.549999237060547,28.639999389648438,21.6299991607666,27.420000076293945,21.190000534057617,28.579999923706055,21.229999542236328,9364400,66705500
2025-05-16,28.450000762939453,21.65999984741211,29.059999465942383,21.760000228881836,28.299999237060547,21.350000381469727,28.610000610351562,21.530000686645508,6504400,55795100
2025-05-19,27.889999389648438,21.3799991607666,28.200000762939453,21.559999465942383,27.690000534057617,21.049999237060547,27.75,21.18000030517578,4223500,64279100
2025-05-20,28.510000228881836,21.270000457763672,28.780000686645508,21.40999984741211,27.850000381469727,21.1200008392334,27.889999389648438,21.329999923706055,4795100,48497400
2025-05-21,28.049999237060547,20.690000534057617,29.190000534057617,21.6299991607666,28.020000457763672,20.59000015258789,28.399999618530273,21.190000534057617,8762000,62904700
2025-05-22,30.860000610351562,20.549999237060547,31.0,20.899999618530273,28.489999771118164,20.510000228881836,28.549999237060547,20.729999542236328,21451000,56077500
2025-05-23,33.029998779296875,20.049999237060547,33.209999084472656,20.270000457763672,30.549999237060547,19.940000534057617,30.600000381469727,20.15999984741211,30477600,68206100
2025-05-27,35.0099983215332,20.549999237060547,35.7400016784668,20.670000076293945,33.630001068115234,20.18000030517578,33.970001220703125,20.440000534057617,33217800,69504600
2025-05-28,31.209999084472656,20.3700008392334,35.810001373291016,20.639999389648438,30.729999542236328,20.329999923706055,35.779998779296875,20.56999969482422,45300400,46096500
2025-05-29,29.56999969482422,20.25,31.350000381469727,20.600000381469727,29.31999969482422,20.100000381469727,31.170000076293945,20.540000915527344,15819000,66372200
2025-05-30,29.799999237060547,19.549999237060547,30.489999771118164,20.260000228881836,29.190000534057617,19.309999465942383,29.200000762939453,20.260000228881836,10227800,114281900
2025-06-02,30.639999389648438,19.739999771118164,30.8799991607666,19.81999969482422,29.729999542236328,19.3700008392334,29.8700008392334,19.479999542236328,7430700,67885500
2025-06-03,30.100000381469727,20.290000915527344,31.049999237060547,20.40999984741211,30.020000457763672,19.399999618530273,30.809999465942383,19.75,6086500,80401900
2025-06-04,29.950000762939453,20.25,30.969999313354492,20.5,29.34000015258789,20.010000228881836,29.899999618530273,20.34000015258789,7314000,71166500
2025-06-05,29.450000762939453,19.989999771118164,30.610000610351562,20.549999237060547,29.229999542236328,19.850000381469727,29.809999465942383,20.270000457763672,6322800,72458400
2025-06-06,29.579999923706055,20.059999465942383,30.0,20.440000534057617,29.520000457763672,20.030000686645508,29.68000030517578,20.170000076293945,4379300,70072800
2025-06-09,30.34000015258789,20.479999542236328,30.489999771118164,20.959999084472656,29.450000762939453,20.219999313354492,29.920000076293945,20.219999313354492,5836200,92893900
2025-06-10,30.149999618530273,22.079999923706055,30.600000381469727,22.440000534057617,29.65999984741211,20.280000686645508,30.540000915527344,20.5,11407500,170946100
